"Time","CBlood"
0,0
0,0
0.00416666666666667,0.000134829332957444
0.00833333333333333,0.000249747619616895
0.0125,0.000347864168304703
0.0166666666666667,0.000432644811303039
0.0208333333333333,0.000506702976471319
0.025,0.000572056548417653
0.0291666666666667,0.000630274153561181
0.0333333333333333,0.000682580504556078
0.0375,0.000729936127780883
0.0416666666666667,0.00077309826972355
0.0458333333333333,0.000812667516068656
0.05,0.000849123505915399
0.0541666666666667,0.000882852299273452
0.0583333333333333,0.000914167374363486
0.0625,0.000943325731404012
0.0666666666666667,0.00097054026603067
0.0708333333333333,0.000995989279464713
0.075,0.00101982379844683
0.0791666666666667,0.00104217321700497
0.0833333333333333,0.00106314965253946
0.0875,0.00108285131636354
0.0916666666666667,0.0011013651283547
0.0958333333333333,0.00111876875150818
0.1,0.00113513218094003
0.104166666666667,0.00115051899034853
0.108333333333333,0.00116498731481603
0.1125,0.0011785906304112
0.116666666666667,0.00119137837676303
0.120833333333333,0.00120339645831871
0.125,0.00121468765129436
0.129166666666667,0.00122529193732847
0.133333333333333,0.00123524677999477
0.1375,0.00124458735606373
0.141666666666667,0.00125334675127156
0.145833333333333,0.00126155612882086
0.15,0.00126924487478159
0.154166666666667,0.00127644072504362
0.158333333333333,0.00128316987812478
0.1625,0.00128945709585953
0.166666666666667,0.00129532579425814
0.170833333333333,0.00130079812566715
0.175,0.00130589505404969
0.179166666666667,0.00131063642416722
0.183333333333333,0.00131504102558717
0.1875,0.00131912665198477
0.191666666666667,0.00132291015630813
0.195833333333333,0.00132640750263447
0.2,0.00132963381451426
0.204166666666667,0.00133260342037244
0.208333333333333,0.0013353298961989
0.2125,0.00133782610576179
0.216666666666667,0.00134010423859466
0.220833333333333,0.00134217584561374
0.225,0.00134405187295085
0.229166666666667,0.00134574269392732
0.233333333333333,0.00134725813936218
0.2375,0.00134860752586832
0.241666666666667,0.00134979968298269
0.245833333333333,0.00135084297871735
0.25,0.00135174534375857
0.254166666666667,0.00135251429438551
0.258333333333333,0.0013531569541669
0.2625,0.00135368007451691
0.266666666666667,0.00135409005417827
0.270833333333333,0.00135439295762085
0.275,0.00135459453255343
0.279166666666667,0.00135470022647173
0.283333333333333,0.00135471520234192
0.2875,0.00135464435346313
0.291666666666667,0.00135449231755111
0.295833333333333,0.00135426349008413
0.3,0.00135396203695021
0.304166666666667,0.0013535919064324
0.308333333333333,0.00135315684056698
0.3125,0.00135266038590807
0.316666666666667,0.0013521059037431
0.320833333333333,0.00135149657971949
0.325,0.00135083543305707
0.329166666666667,0.00135012532517265
0.333333333333333,0.00134936896797957
0.3375,0.00134856893166083
0.341666666666667,0.00134772765201949
0.345833333333333,0.00134684743757839
0.35,0.00134593047612817
0.354166666666667,0.00134497884108803
0.358333333333333,0.00134399449742576
0.3625,0.00134297930731747
0.366666666666667,0.00134193503555858
0.370833333333333,0.00134086335458729
0.375,0.00133976584930137
0.379166666666667,0.00133864402166641
0.383333333333333,0.00133749929498473
0.3875,0.0013363330180521
0.391666666666667,0.00133514646901695
0.395833333333333,0.00133394085903801
0.4,0.00133271733583902
0.404166666666667,0.00133147698694296
0.408333333333333,0.0013302208428417
0.4125,0.00132894988004001
0.416666666666667,0.00132766502372449
0.420833333333333,0.00132636715056836
0.425,0.00132505709119247
0.429166666666667,0.00132373563260882
0.433333333333333,0.00132240352039167
0.4375,0.0013210614610157
0.441666666666667,0.00131971012376974
0.445833333333333,0.00131835014268926
0.45,0.00131698211844671
0.454166666666667,0.00131560662008505
0.458333333333333,0.00131422418659895
0.4625,0.00131283532864121
0.466666666666667,0.0013114405298419
0.470833333333333,0.0013100402483157
0.475,0.0013086349179902
0.479166666666667,0.00130722494959793
0.483333333333333,0.00130581073300039
0.4875,0.0013043926358667
0.491666666666667,0.00130297100783883
0.495833333333333,0.00130154617928906
0.5,0.00130011846316547
0.504166666666667,0.00129868815579578
0.508333333333333,0.0012972555376926
0.5125,0.0012958208744918
0.516666666666667,0.0012943844176423
0.520833333333333,0.00129294640508677
0.525,0.00129150706210143
0.529166666666667,0.00129006660186656
0.533333333333333,0.00128862522614699
0.5375,0.00128718312585841
0.541666666666667,0.00128574048162358
0.545833333333333,0.00128429746435222
0.55,0.00128285423571665
0.554166666666667,0.00128141094862199
0.558333333333333,0.00127996774770858
0.5625,0.00127852476972945
0.566666666666667,0.00127708214401434
0.570833333333333,0.00127563999280542
0.575,0.00127419843167209
0.579166666666667,0.00127275756984509
0.583333333333333,0.00127131751053291
0.5875,0.00126987835123552
0.591666666666667,0.00126844018406627
0.595833333333333,0.00126700309609909
0.6,0.00126556716938345
0.604166666666667,0.00126413248150521
0.608333333333333,0.00126269910565614
0.6125,0.0012612671109065
0.616666666666667,0.00125983656241141
0.620833333333333,0.00125840752160592
0.625,0.00125698004642816
0.629166666666667,0.00125555419146759
0.633333333333333,0.0012541300081819
0.6375,0.00125270754501123
0.641666666666667,0.00125128684757287
0.645833333333333,0.00124986795880955
0.65,0.00124845091911257
0.654166666666667,0.00124703576644529
0.658333333333333,0.00124562253651182
0.6625,0.00124421126282187
0.666666666666667,0.00124280197686271
0.670833333333333,0.00124139470815115
0.675,0.00123998948437973
0.679166666666667,0.00123858633148929
0.683333333333333,0.00123718527376747
0.6875,0.00123578633392164
0.691666666666667,0.0012343895331959
0.695833333333333,0.00123299489142146
0.7,0.00123160242709505
0.704166666666667,0.00123021215745023
0.708333333333333,0.00122882409852459
0.7125,0.00122743826522277
0.716666666666667,0.00122605467136289
0.720833333333333,0.00122467332978168
0.725,0.00122329425231168
0.729166666666667,0.00122191744990462
0.733333333333333,0.00122054293263425
0.7375,0.00121917070976206
0.741666666666667,0.00121780078977174
0.745833333333333,0.00121643318041413
0.75,0.00121506788874531
0.754166666666667,0.00121370492116349
0.758333333333333,0.00121234428345653
0.7625,0.00121098598079957
0.766666666666667,0.00120963001782002
0.770833333333333,0.00120827639861498
0.775,0.00120692512678406
0.779166666666667,0.00120557620545295
0.783333333333333,0.00120422963729948
0.7875,0.00120288542457751
0.791666666666667,0.00120154356913957
0.795833333333333,0.00120020407245859
0.8,0.0011988669356483
0.804166666666667,0.00119753215948264
0.808333333333333,0.00119619974441418
0.8125,0.00119486969059155
0.816666666666667,0.0011935419978759
0.820833333333333,0.00119221666585665
0.825,0.00119089369386628
0.829166666666667,0.00118957308099437
0.833333333333333,0.00118825482610099
0.8375,0.0011869389278293
0.841666666666667,0.00118562538461751
0.845833333333333,0.0011843141947103
0.85,0.00118300535616946
0.854166666666667,0.00118169886688422
0.858333333333333,0.00118039472458079
0.8625,0.0011790929268316
0.866666666666667,0.0011777934710639
0.870833333333333,0.00117649635456808
0.875,0.00117520157450539
0.879166666666667,0.00117390912791533
0.883333333333333,0.0011726190117227
0.8875,0.00117133122274418
0.891666666666667,0.00117004575769464
0.895833333333333,0.0011687626131931
0.9,0.00116748178576837
0.904166666666667,0.00116620327186437
0.908333333333333,0.00116492706784526
0.9125,0.0011636531700002
0.916666666666667,0.00116238157454791
0.920833333333333,0.00116111227764096
0.925,0.00115984527536993
0.929166666666667,0.00115858056376717
0.933333333333333,0.00115731813881058
0.9375,0.00115605799642701
0.941666666666667,0.0011548001324956
0.945833333333333,0.00115354454285085
0.95,0.00115229122328563
0.954166666666667,0.00115104016955395
0.958333333333333,0.00114979137737359
0.9625,0.00114854484242869
0.966666666666667,0.00114730056037204
0.970833333333333,0.0011460585268274
0.975,0.0011448187373916
0.979166666666667,0.00114358118764723
0.983333333333333,0.00114234587313379
0.9875,0.00114111278937315
0.991666666666667,0.00113988193187513
0.995833333333333,0.00113865329613864
1,0.00113742687763097
1.00416666666667,0.00113620267180869
1.00833333333333,0.0011349806741223
1.0125,0.00113376088001211
1.01666666666667,0.00113254328488673
1.02083333333333,0.00113132788416449
1.025,0.00113011467325853
1.02916666666667,0.00112890364756656
1.03333333333333,0.00112769480246627
1.0375,0.00112648813334653
1.04166666666667,0.00112528363559568
1.04583333333333,0.00112408130458959
1.05,0.00112288113570152
1.05416666666667,0.00112168312429054
1.05833333333333,0.00112048726573077
1.0625,0.00111929355539785
1.06666666666667,0.00111810198865919
1.07083333333333,0.00111691256087207
1.075,0.00111572526740997
1.07916666666667,0.001114540103651
1.08333333333333,0.00111335706496714
1.0875,0.00111217614672266
1.09166666666667,0.00111099734429884
1.09583333333333,0.00110982065308453
1.1,0.00110864606846398
1.10416666666667,0.00110747358581577
1.10833333333333,0.00110630320053594
1.1125,0.00110513490803054
1.11666666666667,0.0011039687037023
1.12083333333333,0.00110280458295983
1.125,0.00110164254120605
1.12916666666667,0.00110048257386583
1.13333333333333,0.0010993246763726
1.1375,0.00109816884415867
1.14166666666667,0.00109701507265307
1.14583333333333,0.00109586335730639
1.15,0.00109471369357939
1.15416666666667,0.00109356607693247
1.15833333333333,0.00109242050282376
1.1625,0.00109127696673262
1.16666666666667,0.00109013546415026
1.17083333333333,0.00108899599056794
1.175,0.00108785854147565
1.17916666666667,0.00108672311238407
1.18333333333333,0.00108558969881717
1.1875,0.00108445829629935
1.19166666666667,0.00108332890036401
1.19583333333333,0.00108220150654229
1.2,0.00108107611038938
1.20416666666667,0.00107995270747152
1.20833333333333,0.00107883129335665
1.2125,0.00107771186361212
1.21666666666667,0.0010765944138284
1.22083333333333,0.00107547893960799
1.225,0.00107436543655526
1.22916666666667,0.00107325390027453
1.23333333333333,0.00107214432639238
1.2375,0.00107103671054863
1.24166666666667,0.00106993104838494
1.24583333333333,0.00106882733554346
1.25,0.00106772556768768
1.25416666666667,0.0010666257404954
1.25833333333333,0.00106552784964627
1.2625,0.00106443189082989
1.26666666666667,0.00106333785973503
1.27083333333333,0.00106224575207466
1.275,0.00106115556357353
1.27916666666667,0.00106006728995915
1.28333333333333,0.00105898092695947
1.2875,0.00105789647032556
1.29166666666667,0.00105681391582099
1.29583333333333,0.00105573325921201
1.3,0.00105465449626564
1.30416666666667,0.00105357762277106
1.30833333333333,0.00105250263453082
1.3125,0.00105142952735006
1.31666666666667,0.00105035829703498
1.32083333333333,0.00104928893941292
1.325,0.00104822145032551
1.32916666666667,0.00104715582561676
1.33333333333333,0.00104609206114075
1.3375,0.00104503015275129
1.34166666666667,0.00104397009632588
1.34583333333333,0.00104291188775374
1.35,0.00104185552292722
1.35416666666667,0.00104080099773951
1.35833333333333,0.00103974830810633
1.3625,0.00103869744995576
1.36666666666667,0.00103764841921884
1.37083333333333,0.00103660121182765
1.375,0.00103555582373584
1.37916666666667,0.00103451225091018
1.38333333333333,0.00103347048932022
1.3875,0.00103243053493679
1.39166666666667,0.00103139238375124
1.39583333333333,0.00103035603176886
1.4,0.00102932147499746
1.40416666666667,0.00102828870945475
1.40833333333333,0.00102725773115833
1.4125,0.00102622853614873
1.41666666666667,0.00102520112047792
1.42083333333333,0.00102417548020104
1.425,0.0010231516113742
1.42916666666667,0.00102212951007527
1.43333333333333,0.00102110917239408
1.4375,0.00102009059442351
1.44166666666667,0.00101907377225754
1.44583333333333,0.00101805870201094
1.45,0.00101704537981118
1.45416666666667,0.00101603380178853
1.45833333333333,0.0010150239640746
1.4625,0.00101401586282076
1.46666666666667,0.00101300949419182
1.47083333333333,0.00101200485435515
1.475,0.00101100193948766
1.47916666666667,0.00101000074576627
1.48333333333333,0.00100900126938991
1.4875,0.00100800350656857
1.49166666666667,0.0010070074535154
1.49583333333333,0.00100601310644447
1.5,0.00100502046159082
1.50416666666667,0.00100402951520101
1.50833333333333,0.00100304026352458
1.5125,0.00100205270281218
1.51666666666667,0.00100106682933442
1.52083333333333,0.00100008263937416
1.525,0.000999100129217001
1.52916666666667,0.000998119295149824
1.53333333333333,0.000997140133478517
1.5375,0.0009961626405219
1.54166666666667,0.000995186812601303
1.54583333333333,0.000994212646047202
1.55,0.00099324013719011
1.55416666666667,0.000992269282381713
1.55833333333333,0.000991300077984284
1.5625,0.000990332520363179
1.56666666666667,0.000989366605884665
1.57083333333333,0.000988402330935122
1.575,0.000987439691912008
1.57916666666667,0.000986478685215662
1.58333333333333,0.000985519307247496
1.5875,0.00098456155442809
1.59166666666667,0.000983605423189776
1.59583333333333,0.00098265090996754
1.6,0.000981698011197616
1.60416666666667,0.000980746723334471
1.60833333333333,0.000979797042844976
1.6125,0.000978848966198436
1.61666666666667,0.000977902489872933
1.62083333333333,0.000976957610346592
1.625,0.000976014324117847
1.62916666666667,0.000975072627695293
1.63333333333333,0.000974132517590515
1.6375,0.000973193990315952
1.64166666666667,0.000972257042403337
1.64583333333333,0.000971321670395042
1.65,0.00097038787083623
1.65416666666667,0.000969455640273062
1.65833333333333,0.000968524975270095
1.6625,0.000967595872403167
1.66666666666667,0.000966668328250687
1.67083333333333,0.000965742339392223
1.675,0.000964817902424844
1.67916666666667,0.00096389501395753
1.68333333333333,0.000962973670601612
1.6875,0.000962053868976819
1.69166666666667,0.000961135605702912
1.69583333333333,0.000960218877419133
1.7,0.00095930368077449
1.70416666666667,0.000958390012420863
1.70833333333333,0.00095747786901092
1.7125,0.000956567247215859
1.71666666666667,0.000955658143717068
1.72083333333333,0.000954750555198637
1.725,0.000953844478345583
1.72916666666667,0.000952939909860577
1.73333333333333,0.000952036846457104
1.7375,0.000951135284851134
1.74166666666667,0.000950235221759718
1.74583333333333,0.000949336653916706
1.75,0.000948439578067372
1.75416666666667,0.000947543990959248
1.75833333333333,0.000946649889347918
1.7625,0.000945757269988933
1.76666666666667,0.000944866129654176
1.77083333333333,0.000943976465128121
1.775,0.000943088273196217
1.77916666666667,0.000942201550653194
1.78333333333333,0.000941316294301397
1.7875,0.000940432500950611
1.79166666666667,0.000939550167418319
1.79583333333333,0.000938669290529701
1.8,0.000937789867117558
1.80416666666667,0.000936911894022329
1.80833333333333,0.000936035368092065
1.8125,0.000935160286182403
1.81666666666667,0.00093428664515656
1.82083333333333,0.000933414441885294
1.825,0.000932543673246906
1.82916666666667,0.000931674336127203
1.83333333333333,0.000930806427419484
1.8375,0.000929939944024524
1.84166666666667,0.000929074882850553
1.84583333333333,0.00092821124081324
1.85,0.000927349014835678
1.85416666666667,0.000926488201848357
1.85833333333333,0.00092562879878914
1.8625,0.000924770802603272
1.86666666666667,0.000923914210243328
1.87083333333333,0.000923059018669216
1.875,0.00092220522484814
1.87916666666667,0.000921352825748129
1.88333333333333,0.00092050181835215
1.8875,0.000919652199654884
1.89166666666667,0.000918803966652722
1.89583333333333,0.000917957116349139
1.9,0.000917111645754983
1.90416666666667,0.000916267551888002
1.90833333333333,0.000915424831773141
1.9125,0.000914583482442506
1.91666666666667,0.00091374350093535
1.92083333333333,0.000912904884298051
1.925,0.000912067629584089
1.92916666666667,0.000911231733854031
1.93333333333333,0.000910397194175515
1.9375,0.000909564007623219
1.94166666666667,0.000908732171278859
1.94583333333333,0.000907901682231144
1.95,0.000907072537575787
1.95416666666667,0.000906244734415481
1.95833333333333,0.000905418269859867
1.9625,0.00090459314102552
1.96666666666667,0.000903769345035945
1.97083333333333,0.000902946879021547
1.975,0.000902125740119618
1.97916666666667,0.000901305925474324
1.98333333333333,0.000900487432236678
1.9875,0.00089967025756453
1.99166666666667,0.000898854398622547
1.99583333333333,0.000898039852582194
2,0.000897226616621722
2.00416666666667,0.000896414687926163
2.00833333333333,0.000895604063687287
2.0125,0.000894794741103598
2.01666666666667,0.000893986717380324
2.02083333333333,0.000893179989729383
2.025,0.000892374555369385
2.02916666666667,0.00089157041152561
2.03333333333333,0.00089076755542998
2.0375,0.000889965984315174
2.04166666666667,0.000889165695427303
2.04583333333333,0.000888366686023373
2.05,0.000887568953361909
2.05416666666667,0.000886772494707827
2.05833333333333,0.000885977307332771
2.0625,0.000885183388514649
2.06666666666667,0.000884390735537917
2.07083333333333,0.000883599345693556
2.075,0.000882809216279051
2.07916666666667,0.000882020344598353
2.08333333333333,0.0008812327279619
2.0875,0.000880446363686565
2.09166666666667,0.000879661249095654
2.09583333333333,0.000878877381518888
2.1,0.000878094758292385
2.10416666666667,0.00087731337675864
2.10833333333333,0.000876533234266511
2.1125,0.0008757543281712
2.11666666666667,0.000874976655834246
2.12083333333333,0.000874200214623497
2.125,0.000873425001913102
2.12916666666667,0.00087265101508349
2.13333333333333,0.000871878251521366
2.1375,0.00087110670861967
2.14166666666667,0.000870336383777595
2.14583333333333,0.000869567274400539
2.15,0.000868799377900113
2.15416666666667,0.000868032691694119
2.15833333333333,0.000867267213206536
2.1625,0.000866502939867492
2.16666666666667,0.000865739869113257
2.17083333333333,0.000864977998386242
2.175,0.000864217325134962
2.17916666666667,0.000863457846814027
2.18333333333333,0.000862699560884145
2.1875,0.000861942464812077
2.19166666666667,0.000861186556070642
2.19583333333333,0.000860431832138689
2.2,0.00085967829049568
2.20416666666667,0.000858925928633388
2.20833333333333,0.000858174744053446
2.2125,0.000857424734258886
2.21666666666667,0.000856675896758518
2.22083333333333,0.000855928229067251
2.225,0.000855181728705684
2.22916666666667,0.000854436393200357
2.23333333333333,0.00085369222008374
2.2375,0.000852949206894193
2.24166666666667,0.000852207351175958
2.24583333333333,0.000851466650479162
2.25,0.000850727102359774
2.25416666666667,0.000849988704379606
2.25833333333333,0.000849251454106299
2.2625,0.000848515349113279
2.26666666666667,0.000847780386979786
2.27083333333333,0.000847046565290829
2.275,0.00084631388163717
2.27916666666667,0.000845582333615331
2.28333333333333,0.000844851918827558
2.2875,0.000844122634881817
2.29166666666667,0.000843394479391775
2.29583333333333,0.000842667449976797
2.3,0.000841941544261914
2.30416666666667,0.000841216759877823
2.30833333333333,0.000840493094460866
2.3125,0.00083977054565302
2.31666666666667,0.000839049111101881
2.32083333333333,0.000838328788460646
2.325,0.000837609575388108
2.32916666666667,0.000836891469548641
2.33333333333333,0.000836174468612168
2.3375,0.000835458570254176
2.34166666666667,0.000834743772155688
2.34583333333333,0.000834030072003239
2.35,0.000833317467488879
2.35416666666667,0.000832605956310192
2.35833333333333,0.00083189553616576
2.3625,0.000831186204767789
2.36666666666667,0.000830477959831654
2.37083333333333,0.000829770799074487
2.375,0.000829064720220245
2.37916666666667,0.000828359721003734
2.38333333333333,0.000827655799160147
2.3875,0.000826952952427304
2.39166666666667,0.000826251178550543
2.39583333333333,0.000825550475285892
2.4,0.000824850840389097
2.40416666666667,0.000824152271623585
2.40833333333333,0.000823454766753928
2.4125,0.000822758323554115
2.41666666666667,0.000822062939801927
2.42083333333333,0.000821368613282115
2.425,0.000820675341782809
2.42916666666667,0.000819983123098582
2.43333333333333,0.00081929195503377
2.4375,0.000818601835388466
2.44166666666667,0.000817912761970545
2.44583333333333,0.000817224732597244
2.45,0.000816537745092127
2.45416666666667,0.000815851797275135
2.45833333333333,0.000815166886978827
2.4625,0.000814483012034401
2.46666666666667,0.000813800170291468
2.47083333333333,0.000813118359593923
2.475,0.000812437577792251
2.47916666666667,0.000811757822739856
2.48333333333333,0.000811079092298815
2.4875,0.000810401384338189
2.49166666666667,0.000809724696725287
2.49583333333333,0.000809049027338691
2.5,0.000808374374061018
2.50416666666667,0.000807700734778712
2.50833333333333,0.000807028107380689
2.5125,0.000806356489766321
2.51666666666667,0.000805685879834031
2.52083333333333,0.000805016275493158
2.525,0.00080434767465394
2.52916666666667,0.000803680075232955
2.53333333333333,0.000803013475156234
2.5375,0.000802347872345407
2.54166666666667,0.000801683264731403
2.54583333333333,0.000801019650250417
2.55,0.000800357026844113
2.55416666666667,0.000799695392463068
2.55833333333333,0.000799034745054273
2.5625,0.000798375082573569
2.56666666666667,0.000797716402979447
2.57083333333333,0.000797058704238628
2.575,0.00079640198432017
2.57916666666667,0.000795746241200136
2.58333333333333,0.000795091472857498
2.5875,0.000794437677277416
2.59166666666667,0.000793784852448822
2.59583333333333,0.000793132996366032
2.6,0.000792482107032207
2.60416666666667,0.00079183218244598
2.60833333333333,0.000791183220615616
2.6125,0.000790535219553838
2.61666666666667,0.000789888177279064
2.62083333333333,0.00078924209181824
2.625,0.000788596961194383
2.62916666666667,0.000787952783439768
2.63333333333333,0.000787309556588618
2.6375,0.000786667278683518
2.64166666666667,0.000786025947768925
2.64583333333333,0.000785385561896304
2.65,0.000784746119119678
2.65416666666667,0.000784107617499295
2.65833333333333,0.000783470055098736
2.6625,0.000782833429987016
2.66666666666667,0.000782197740241513
2.67083333333333,0.000781562983935115
2.675,0.000780929159150204
2.67916666666667,0.000780296263973319
2.68333333333333,0.000779664296496445
2.6875,0.000779033254819925
2.69166666666667,0.000778403137040329
2.69583333333333,0.000777773941262845
2.7,0.000777145665594928
2.70416666666667,0.000776518308151621
2.70833333333333,0.000775891867050316
2.7125,0.000775266340414494
2.71666666666667,0.000774641726370818
2.72083333333333,0.000774018023051123
2.725,0.000773395228595443
2.72916666666667,0.000772773341139552
2.73333333333333,0.000772152358827994
2.7375,0.000771532279809813
2.74166666666667,0.000770913102238737
2.74583333333333,0.000770294824277052
2.75,0.000769677444083739
2.75416666666667,0.000769060959825044
2.75833333333333,0.00076844536967053
2.7625,0.000767830671795914
2.76666666666667,0.000767216864380465
2.77083333333333,0.00076660394560796
2.775,0.000765991913633558
2.77916666666667,0.000765380766493442
2.78333333333333,0.000764770502538598
2.7875,0.000764161119882121
2.79166666666667,0.000763552616861491
2.79583333333333,0.000762944991454295
2.8,0.000762338242033403
2.80416666666667,0.000761732366909424
2.80833333333333,0.000761127364463258
2.8125,0.000760523233127658
2.81666666666667,0.000759919970791647
2.82083333333333,0.000759317575566843
2.825,0.000758716045789668
2.82916666666667,0.000758115379645607
2.83333333333333,0.000757515575384644
2.8375,0.000756916631263166
2.84166666666667,0.000756318545438718
2.84583333333333,0.000755721316248168
2.85,0.000755124941914645
2.85416666666667,0.000754529420818075
2.85833333333333,0.000753934751254493
2.8625,0.000753340931672767
2.86666666666667,0.000752747959967008
2.87083333333333,0.000752155834491117
2.875,0.000751564553637132
2.87916666666667,0.000750974115629755
2.88333333333333,0.000750384518864495
2.8875,0.000749795761527744
2.89166666666667,0.000749207842045127
2.89583333333333,0.000748620758608641
2.9,0.00074803450962692
2.90416666666667,0.000747449093348844
2.90833333333333,0.000746864508129216
2.9125,0.000746280752283385
2.91666666666667,0.00074569782412131
2.92083333333333,0.000745115722015239
2.925,0.000744534444238105
2.92916666666667,0.00074395398921006
2.93333333333333,0.000743374355176714
2.9375,0.000742795540597708
2.94166666666667,0.000742217543697943
2.94583333333333,0.000741640362950632
2.95,0.000741063996715197
2.95416666666667,0.000740488443451054
2.95833333333333,0.000739913701170254
2.9625,0.000739339768488133
2.96666666666667,0.000738766643786021
2.97083333333333,0.00073819432549862
2.975,0.000737622811752964
2.97916666666667,0.000737052101081437
2.98333333333333,0.000736482191820704
2.9875,0.000735913082486579
2.99166666666667,0.0007353447715551
2.99583333333333,0.000734777257121322
3,0.000734210537668548
3.00416666666667,0.000733644611707487
3.00833333333333,0.000733079477567922
3.0125,0.000732515133773115
3.01666666666667,0.000731951578650464
3.02083333333333,0.000731388810683585
3.025,0.000730826828286973
3.02916666666667,0.000730265629856338
3.03333333333333,0.000729705213896754
3.0375,0.000729145578742425
3.04166666666667,0.000728586722941379
3.04583333333333,0.000728028644937866
3.05,0.000727471343296741
3.05416666666667,0.000726914816089432
3.05833333333333,0.000726359062005977
3.0625,0.000725804079549095
3.06666666666667,0.000725249867242453
3.07083333333333,0.000724696423251561
3.075,0.000724143746254425
3.07916666666667,0.000723591834655823
3.08333333333333,0.000723040686997351
3.0875,0.000722490301729681
3.09166666666667,0.000721940677331616
3.09583333333333,0.000721391812329096
3.1,0.000720843705145137
3.10416666666667,0.000720296354343523
3.10833333333333,0.000719749758384819
3.1125,0.000719203915742584
3.11666666666667,0.00071865882495006
3.12083333333333,0.000718114484543507
3.125,0.00071757089298495
3.12916666666667,0.000717028048867698
3.13333333333333,0.000716485950611737
3.1375,0.000715944596842101
3.14166666666667,0.000715403986002528
3.14583333333333,0.000714864116677075
3.15,0.000714324987379926
3.15416666666667,0.000713786596631385
3.15833333333333,0.00071324894301683
3.1625,0.000712712025007639
3.16666666666667,0.000712175841244543
3.17083333333333,0.000711640390164881
3.175,0.000711105670424431
3.17916666666667,0.000710571680588059
3.18333333333333,0.000710038419316628
3.1875,0.00070950588480558
3.19166666666667,0.000708974075745134
3.19583333333333,0.00070844299078421
3.2,0.000707912628521652
3.20416666666667,0.000707382987545947
3.20833333333333,0.000706854066561158
3.2125,0.000706325864191912
3.21666666666667,0.000705798378902923
3.22083333333333,0.000705271609197895
3.225,0.000704745553648313
3.22916666666667,0.00070422021087376
3.23333333333333,0.000703695579488267
3.2375,0.000703171658100572
3.24166666666667,0.000702648445317864
3.24583333333333,0.000702125939748042
3.25,0.000701604139984165
3.25416666666667,0.000701083044621848
3.25833333333333,0.000700562652180301
3.2625,0.000700042961360704
3.26666666666667,0.000699523970853081
3.27083333333333,0.000699005679528777
3.275,0.00069848808576319
3.27916666666667,0.000697971188189744
3.28333333333333,0.000697454985446253
3.2875,0.000696939476184077
3.29166666666667,0.000696424659028461
3.29583333333333,0.000695910532648827
3.3,0.000695397095699854
3.30416666666667,0.00069488434683652
3.30833333333333,0.000694372284716356
3.3125,0.000693860907999838
3.31666666666667,0.00069335021535038
3.32083333333333,0.000692840205434996
3.325,0.000692330876913364
3.32916666666667,0.000691822228453236
3.33333333333333,0.000691314258744151
3.3375,0.000690806966465668
3.34166666666667,0.000690300350299329
3.34583333333333,0.000689794408919749
3.35,0.000689289141028055
3.35416666666667,0.00068878454531732
3.35833333333333,0.00068828062047981
3.3625,0.000687777365211616
3.36666666666667,0.000687274778211862
3.37083333333333,0.000686772858183263
3.375,0.000686271603820473
3.37916666666667,0.000685771013902695
3.38333333333333,0.000685271087123391
3.3875,0.000684771822032683
3.39166666666667,0.000684273217466429
3.39583333333333,0.000683775272061419
3.4,0.000683277984643603
3.40416666666667,0.000682781353722232
3.40833333333333,0.000682285378189587
3.4125,0.000681790056815809
3.41666666666667,0.000681295388094474
3.42083333333333,0.000680801370884183
3.425,0.000680308004875168
3.42916666666667,0.000679815288004459
3.43333333333333,0.000679323218984354
3.4375,0.000678831796582613
3.44166666666667,0.000678341019559212
3.44583333333333,0.000677850886670906
3.45,0.000677361396676774
3.45416666666667,0.000676872548338752
3.45833333333333,0.000676384340421625
3.4625,0.000675896771693037
3.46666666666667,0.000675409840923426
3.47083333333333,0.000674923546886262
3.475,0.000674437888353704
3.47916666666667,0.000673952864097308
3.48333333333333,0.000673468472889852
3.4875,0.000672984713543031
3.49166666666667,0.000672501584844584
3.49583333333333,0.000672019085580905
3.5,0.000671537214532013
3.50416666666667,0.000671055970553508
3.50833333333333,0.000670575352434081
3.5125,0.000670095358832671
3.51666666666667,0.000669615988558937
3.52083333333333,0.000669137240519525
3.525,0.000668659113554739
3.52916666666667,0.000668181606456633
3.53333333333333,0.000667704718174312
3.5375,0.000667228447364862
3.54166666666667,0.000666752792839507
3.54583333333333,0.000666277753436996
3.55,0.000665803327993661
3.55416666666667,0.00066532951531867
3.55833333333333,0.000664856314249439
3.5625,0.000664383723626547
3.56666666666667,0.000663911742279614
3.57083333333333,0.000663440369046431
3.575,0.000662969602772867
3.57916666666667,0.000662499442315434
3.58333333333333,0.000662029886519541
3.5875,0.000661560934233721
3.59166666666667,0.000661092584309517
3.59583333333333,0.000660624835597225
3.6,0.00066015768700325
3.60416666666667,0.000659691137374152
3.60833333333333,0.000659225185435461
3.6125,0.000658759830076229
3.61666666666667,0.000658295070252086
3.62083333333333,0.000657830904860663
3.625,0.000657367332759029
3.62916666666667,0.000656904352958825
3.63333333333333,0.000656441964173752
3.6375,0.000655980165287464
3.64166666666667,0.000655518955179248
3.64583333333333,0.00065505833273408
3.65,0.000654598296853633
3.65416666666667,0.000654138846432398
3.65833333333333,0.000653679980409122
3.6625,0.000653221697668228
3.66666666666667,0.000652763996977248
3.67083333333333,0.000652306877251246
3.675,0.000651850337481175
3.67916666666667,0.000651394376598036
3.68333333333333,0.000650938993511236
3.6875,0.000650484187262622
3.69166666666667,0.000650029956596765
3.69583333333333,0.000649576300426657
3.7,0.000649123217668213
3.70416666666667,0.000648670707256413
3.70833333333333,0.000648218768116936
3.7125,0.00064776739915756
3.71666666666667,0.000647316599349349
3.72083333333333,0.000646866367618429
3.725,0.000646416702865944
3.72916666666667,0.000645967604065544
3.73333333333333,0.000645519070151597
3.7375,0.000645071100033286
3.74166666666667,0.000644623692725388
3.74583333333333,0.000644176847194726
3.75,0.000643730562197562
3.75416666666667,0.000643284836711323
3.75833333333333,0.000642839669771093
3.7625,0.000642395060353312
3.76666666666667,0.000641951007425784
3.77083333333333,0.00064150750951635
3.775,0.000641064566056284
3.77916666666667,0.000640622176476258
3.78333333333333,0.000640180337981849
3.7875,0.000639739051769793
3.79166666666667,0.000639298316093282
3.79583333333333,0.000638858129863671
3.8,0.000638418491874891
3.80416666666667,0.000637979401079565
3.80833333333333,0.00063754085641141
3.8125,0.00063710285688526
3.81666666666667,0.000636665401469615
3.82083333333333,0.000636228489197381
3.825,0.000635792119039076
3.82916666666667,0.000635356289992084
3.83333333333333,0.00063492100106343
3.8375,0.00063448625124481
3.84166666666667,0.000634052039544945
3.84583333333333,0.00063361836496447
3.85,0.000633185226504821
3.85416666666667,0.000632752623177936
3.85833333333333,0.000632320553990617
3.8625,0.000631889017955941
3.86666666666667,0.00063145801408653
3.87083333333333,0.000631027541397791
3.875,0.000630597598908648
3.87916666666667,0.000630168185636928
3.88333333333333,0.000629739300606255
3.8875,0.000629310942834579
3.89166666666667,0.000628883111338569
3.89583333333333,0.000628455805192046
3.9,0.00062802902334155
3.90416666666667,0.000627602764807655
3.90833333333333,0.00062717702869095
3.9125,0.000626751814033733
3.91666666666667,0.000626327119864472
3.92083333333333,0.000625902945257335
3.925,0.000625479289206001
3.92916666666667,0.000625056150828312
3.93333333333333,0.000624633529218975
3.9375,0.000624211423201097
3.94166666666667,0.000623789831897988
3.94583333333333,0.000623368754417189
3.95,0.000622948189431749
3.95416666666667,0.0006225281364792
3.95833333333333,0.000622108595014073
3.9625,0.000621689562560929
3.96666666666667,0.000621271040123892
3.97083333333333,0.000620853026143543
3.975,0.000620435519633289
3.97916666666667,0.00062001851952417
3.98333333333333,0.00061960202481309
3.9875,0.000619186034591591
3.99166666666667,0.000618770547904181
3.99583333333333,0.000618355563864443
4,0.00061794108157031
