"Time","CLung"
0,0
0,0
0.00416666666666667,7.62238647684539e-05
0.00833333333333333,0.000142838164804935
0.0125,0.000200233675936765
0.0166666666666667,0.000250341660104928
0.0208333333333333,0.00029461452418047
0.025,0.000334171769575015
0.0291666666666667,0.000369882110173834
0.0333333333333333,0.000402422397676982
0.0375,0.000432322183899453
0.0416666666666667,0.000459997755093004
0.0458333333333333,0.00048577817760626
0.05,0.000509925246864986
0.0541666666666667,0.000532648772796691
0.0583333333333333,0.000554118298378648
0.0625,0.000574472090913389
0.0666666666666667,0.000593824042633537
0.0708333333333333,0.000612268973434979
0.075,0.000629886709440351
0.0791666666666667,0.00064674522399642
0.0833333333333333,0.000662903060517218
0.0875,0.000678411204957079
0.0916666666666667,0.000693314536282907
0.0958333333333333,0.000707652953202887
0.1,0.00072146225234858
0.104166666666667,0.000734774815475056
0.108333333333333,0.000747620149839526
0.1125,0.00076002531510329
0.116666666666667,0.00077201526343427
0.120833333333333,0.000783613111858342
0.125,0.000794840362367299
0.129166666666667,0.00080571708153601
0.133333333333333,0.000816262048150926
0.1375,0.00082649287660733
0.141666666666667,0.00083642612024952
0.145833333333333,0.000846077359764671
0.15,0.000855461279380478
0.154166666666667,0.000864591732449669
0.158333333333333,0.000873481800118435
0.1625,0.000882143842733647
0.166666666666667,0.000890589546388388
0.170833333333333,0.000898829964958567
0.175,0.00090687555794172
0.179166666666667,0.000914736225581683
0.183333333333333,0.000922421341753979
0.1875,0.000929939783202175
0.191666666666667,0.00093729995690738
0.195833333333333,0.000944509827150083
0.2,0.000951576938971793
0.204166666666667,0.000958508441130428
0.208333333333333,0.000965311107314696
0.2125,0.000971991356588614
0.216666666666667,0.000978555271991151
0.220833333333333,0.000985008618381685
0.225,0.000991356859583099
0.229166666666667,0.00099760517384835
0.233333333333333,0.00100375846950902
0.2375,0.00100982139869851
0.241666666666667,0.00101579837104165
0.245833333333333,0.00102169356632504
0.25,0.00102751094655822
0.254166666666667,0.00103325426740779
0.258333333333333,0.00103892708900236
0.2625,0.00104453278616476
0.266666666666667,0.00105007455800228
0.270833333333333,0.00105555543742526
0.275,0.00106097829948136
0.279166666666667,0.00106634586976299
0.283333333333333,0.00107166073218715
0.2875,0.00107692533640255
0.291666666666667,0.00108214200480119
0.295833333333333,0.00108731293916288
0.3,0.00109244022695188
0.304166666666667,0.00109752584728392
0.308333333333333,0.00110257167658075
0.3125,0.00110757949392959
0.316666666666667,0.00111255098605384
0.320833333333333,0.00111748775246069
0.325,0.00112239130965298
0.329166666666667,0.00112726309560819
0.333333333333333,0.0011321044736502
0.3375,0.00113691673680503
0.341666666666667,0.00114170111117064
0.345833333333333,0.00114645875910381
0.35,0.00115119078331442
0.354166666666667,0.00115589822919609
0.358333333333333,0.0011605820882724
0.3625,0.00116524330102709
0.366666666666667,0.001169882759098
0.370833333333333,0.00117450130834595
0.375,0.00117909975107959
0.379166666666667,0.00118367884810868
0.383333333333333,0.00118823932129385
0.3875,0.00119278185517731
0.391666666666667,0.00119730709915601
0.395833333333333,0.00120181566937765
0.4,0.00120630815005738
0.404166666666667,0.00121078509586087
0.408333333333333,0.00121524703314867
0.4125,0.00121969446041829
0.416666666666667,0.00122412785166073
0.420833333333333,0.00122854765609469
0.425,0.00123295430024422
0.429166666666667,0.00123734818881012
0.433333333333333,0.00124172970585914
0.4375,0.00124609921598668
0.441666666666667,0.00125045706513425
0.445833333333333,0.00125480358188884
0.45,0.00125913907802075
0.454166666666667,0.00126346384955278
0.458333333333333,0.00126777817757367
0.4625,0.00127208232893891
0.466666666666667,0.00127637655723096
0.470833333333333,0.00128066110308934
0.475,0.00128493619520491
0.479166666666667,0.0012892020507439
0.483333333333333,0.00129345887629874
0.4875,0.00129770686738912
0.491666666666667,0.00130194621072349
0.495833333333333,0.00130617708324659
0.5,0.00131039965330226
0.504166666666667,0.00131461408070192
0.508333333333333,0.0013188205176951
0.5125,0.00132301910882344
0.516666666666667,0.00132720999174244
0.520833333333333,0.0013313932972099
0.525,0.00133556914966047
0.529166666666667,0.00133973766761165
0.533333333333333,0.00134389896367872
0.5375,0.00134805314516612
0.541666666666667,0.00135220031431889
0.545833333333333,0.00135634056831862
0.55,0.00136047399980016
0.554166666666667,0.00136460069713308
0.558333333333333,0.00136872074432674
0.5625,0.0013728342216637
0.566666666666667,0.00137694120548297
0.570833333333333,0.00138104176880692
0.575,0.001385135981122
0.579166666666667,0.00138922390870942
0.583333333333333,0.00139330561493837
0.5875,0.00139738116056296
0.591666666666667,0.00140145060335695
0.595833333333333,0.00140551399730844
0.6,0.00140957139666687
0.604166666666667,0.00141362285126604
0.608333333333333,0.00141766840942447
0.6125,0.00142170811734211
0.616666666666667,0.00142574201908222
0.620833333333333,0.00142977015706385
0.625,0.00143379257176337
0.629166666666667,0.00143780930211046
0.633333333333333,0.00144182038526454
0.6375,0.00144582585706809
0.641666666666667,0.0014498257518255
0.645833333333333,0.00145382010241341
0.65,0.00145780894047951
0.654166666666667,0.00146179229654028
0.658333333333333,0.00146577019975294
0.6625,0.00146974267839345
0.666666666666667,0.0014737097594605
0.670833333333333,0.00147767146916467
0.675,0.00148162783262809
0.679166666666667,0.00148557887414954
0.683333333333333,0.00148952461715635
0.6875,0.0014934650843637
0.691666666666667,0.00149740029754288
0.695833333333333,0.00150133027784762
0.7,0.0015052550457276
0.704166666666667,0.00150917462098223
0.708333333333333,0.00151308902279047
0.7125,0.0015169982697426
0.716666666666667,0.00152090237996441
0.720833333333333,0.0015248013707713
0.725,0.00152869525935177
0.729166666666667,0.00153258406211355
0.733333333333333,0.00153646779514274
0.7375,0.00154034647407056
0.741666666666667,0.00154422011411948
0.745833333333333,0.00154808873011891
0.75,0.00155195233653194
0.754166666666667,0.00155581094746997
0.758333333333333,0.00155966457662052
0.7625,0.00156351323755174
0.766666666666667,0.00156735694339319
0.770833333333333,0.00157119570701929
0.775,0.00157502954102929
0.779166666666667,0.00157885845775945
0.783333333333333,0.00158268246930001
0.7875,0.00158650158750635
0.791666666666667,0.00159031582401056
0.795833333333333,0.00159412519023194
0.8,0.00159792969738731
0.804166666666667,0.00160172935650079
0.808333333333333,0.00160552417841298
0.8125,0.00160931417378971
0.816666666666667,0.00161309935313028
0.820833333333333,0.00161687972677537
0.825,0.00162065530491443
0.829166666666667,0.00162442609759276
0.833333333333333,0.00162819211471819
0.8375,0.00163195336606745
0.841666666666667,0.00163570986129214
0.845833333333333,0.0016394616099245
0.85,0.00164320862138274
0.854166666666667,0.00164695090497625
0.858333333333333,0.0016506884699104
0.8625,0.00165442132529118
0.866666666666667,0.00165814948012957
0.870833333333333,0.00166187294334569
0.875,0.00166559172377274
0.879166666666667,0.00166930583016072
0.883333333333333,0.00167301527117997
0.8875,0.00167672005542451
0.891666666666667,0.00168042019141528
0.895833333333333,0.00168411568760308
0.9,0.00168780655237149
0.904166666666667,0.00169149279403958
0.908333333333333,0.00169517442086445
0.9125,0.00169885144104372
0.916666666666667,0.00170252386271782
0.920833333333333,0.00170619169397221
0.925,0.00170985494283944
0.929166666666667,0.00171351361730115
0.933333333333333,0.00171716772528996
0.9375,0.00172081727469122
0.941666666666667,0.00172446227334473
0.945833333333333,0.00172810272904632
0.95,0.00173173864954941
0.954166666666667,0.00173537004256642
0.958333333333333,0.00173899691577016
0.9625,0.00174261927679513
0.966666666666667,0.00174623713323876
0.970833333333333,0.00174985049266259
0.975,0.00175345936259338
0.979166666666667,0.00175706375044631
0.983333333333333,0.00176066366378821
0.9875,0.00176425911002966
0.991666666666667,0.00176785009658286
0.995833333333333,0.00177143663073429
1,0.0017750187199133
1.00416666666667,0.00177859637141734
1.00833333333333,0.00178216959249089
1.0125,0.00178573839036443
1.01666666666667,0.00178930277237947
1.02083333333333,0.00179286274564823
1.025,0.00179641831739285
1.02916666666667,0.00179996949467579
1.03333333333333,0.00180351628476399
1.0375,0.00180705869468258
1.04166666666667,0.00181059673150005
1.04583333333333,0.00181413040228369
1.05,0.00181765971407199
1.05416666666667,0.00182118467396911
1.05833333333333,0.00182470528888909
1.0625,0.00182822156579986
1.06666666666667,0.00183173351166157
1.07083333333333,0.00183524113349189
1.075,0.00183874443812927
1.07916666666667,0.00184224343245865
1.08333333333333,0.00184573812336229
1.0875,0.00184922851777824
1.09166666666667,0.00185271462247431
1.09583333333333,0.00185619644425708
1.1,0.00185967398993575
1.10416666666667,0.00186314726637294
1.10833333333333,0.00186661628027024
1.1125,0.00187008103835979
1.11666666666667,0.00187354154738167
1.12083333333333,0.00187699781405099
1.125,0.00188044984515039
1.12916666666667,0.00188389764728334
1.13333333333333,0.00188734122710888
1.1375,0.00189078059128187
1.14166666666667,0.00189421574651568
1.14583333333333,0.00189764669935433
1.15,0.00190107345638965
1.15416666666667,0.00190449602421351
1.15833333333333,0.00190791440947403
1.1625,0.00191132861865801
1.16666666666667,0.00191473865829209
1.17083333333333,0.00191814453490749
1.175,0.00192154625508899
1.17916666666667,0.00192494382526832
1.18333333333333,0.00192833725190878
1.1875,0.00193172654148292
1.19166666666667,0.00193511170044101
1.19583333333333,0.0019384927352999
1.2,0.00194186965240554
1.20416666666667,0.001945242458159
1.20833333333333,0.00194861115895856
1.2125,0.00195197576126013
1.21666666666667,0.00195533627135788
1.22083333333333,0.00195869269559333
1.225,0.00196204504030904
1.22916666666667,0.00196539331190276
1.23333333333333,0.00196873751661796
1.2375,0.00197207766073763
1.24166666666667,0.00197541375054991
1.24583333333333,0.00197874579239536
1.25,0.00198207379246801
1.25416666666667,0.00198539775699329
1.25833333333333,0.00198871769220607
1.2625,0.00199203360432058
1.26666666666667,0.00199534549961569
1.27083333333333,0.00199865338420646
1.275,0.00200195726426174
1.27916666666667,0.00200525714594816
1.28333333333333,0.00200855303548834
1.2875,0.00201184493894971
1.29166666666667,0.00201513286244595
1.29583333333333,0.00201841681209208
1.3,0.00202169679405669
1.30416666666667,0.00202497281436024
1.30833333333333,0.0020282448790618
1.3125,0.00203151299422569
1.31666666666667,0.00203477716596701
1.32083333333333,0.00203803740026015
1.325,0.00204129370311018
1.32916666666667,0.00204454608053151
1.33333333333333,0.00204779453851897
1.3375,0.00205103908312988
1.34166666666667,0.00205427972026409
1.34583333333333,0.00205751645587367
1.35,0.00206074929590867
1.35416666666667,0.0020639782463733
1.35833333333333,0.00206720331312252
1.3625,0.00207042450205621
1.36666666666667,0.00207364181907564
1.37083333333333,0.00207685527013382
1.375,0.0020800648610413
1.37916666666667,0.00208327059764616
1.38333333333333,0.00208647248580156
1.3875,0.00208967053140978
1.39166666666667,0.00209286474023762
1.39583333333333,0.00209605511808185
1.4,0.00209924167074818
1.40416666666667,0.00210242440402367
1.40833333333333,0.00210560332375563
1.4125,0.00210877843563985
1.41666666666667,0.00211194974542267
1.42083333333333,0.00211511725884851
1.425,0.00211828098171403
1.42916666666667,0.00212144091967223
1.43333333333333,0.00212459707841964
1.4375,0.00212774946365412
1.44166666666667,0.00213089808112347
1.44583333333333,0.00213404293643829
1.45,0.00213718403524562
1.45416666666667,0.00214032138319734
1.45833333333333,0.00214345498599275
1.4625,0.00214658484920067
1.46666666666667,0.00214971097841902
1.47083333333333,0.00215283337925433
1.475,0.00215595205729523
1.47916666666667,0.00215906701818846
1.48333333333333,0.00216217826743481
1.4875,0.002165285810584
1.49166666666667,0.00216838965318385
1.49583333333333,0.00217148980083258
1.5,0.00217458625899001
1.50416666666667,0.00217767903315815
1.50833333333333,0.0021807681288402
1.5125,0.00218385355158757
1.51666666666667,0.00218693530681945
1.52083333333333,0.00219001339999039
1.525,0.00219308783655956
1.52916666666667,0.00219615862203184
1.53333333333333,0.00219922576178638
1.5375,0.00220228926123062
1.54166666666667,0.00220534912578022
1.54583333333333,0.00220840536083367
1.55,0.00221145797184545
1.55416666666667,0.00221450696412946
1.55833333333333,0.00221755234304689
1.5625,0.00222059411395709
1.56666666666667,0.00222363228226797
1.57083333333333,0.00222666685325415
1.575,0.00222969783223101
1.57916666666667,0.00223272522451509
1.58333333333333,0.00223574903546938
1.5875,0.00223876927032948
1.59166666666667,0.00224178593436525
1.59583333333333,0.00224479903285092
1.6,0.00224780857110486
1.60416666666667,0.00225081455432419
1.60833333333333,0.00225381698773358
1.6125,0.00225681587656544
1.61666666666667,0.00225981122603581
1.62083333333333,0.00226280304141463
1.625,0.00226579132783638
1.62916666666667,0.00226877609048129
1.63333333333333,0.00227175733452776
1.6375,0.00227473506520104
1.64166666666667,0.00227770928759786
1.64583333333333,0.00228068000685447
1.65,0.00228364722810815
1.65416666666667,0.00228661095654101
1.65833333333333,0.00228957119721231
1.6625,0.00229252795521456
1.66666666666667,0.00229548123564441
1.67083333333333,0.0022984310436411
1.675,0.00230137738422696
1.67916666666667,0.00230432026245106
1.68333333333333,0.0023072596833699
1.6875,0.0023101956520242
1.69166666666667,0.0023131281735067
1.69583333333333,0.00231605725277953
1.7,0.00231898289484909
1.70416666666667,0.00232190510471996
1.70833333333333,0.00232482388744196
1.7125,0.00232773924794093
1.71666666666667,0.00233065119118102
1.72083333333333,0.00233355972212731
1.725,0.00233646484578816
1.72916666666667,0.00233936656705342
1.73333333333333,0.00234226489084522
1.7375,0.00234515982208959
1.74166666666667,0.00234805136575369
1.74583333333333,0.00235093952669191
1.75,0.00235382430978461
1.75416666666667,0.00235670571991926
1.75833333333333,0.00235958376196816
1.7625,0.00236245844085463
1.76666666666667,0.002365329761393
1.77083333333333,0.00236819772840645
1.775,0.00237106234674867
1.77916666666667,0.00237392362123565
1.78333333333333,0.00237678155668468
1.7875,0.00237963615790058
1.79166666666667,0.00238248742967955
1.79583333333333,0.00238533537680793
1.8,0.0023881800040627
1.80416666666667,0.00239102131621132
1.80833333333333,0.0023938593180118
1.8125,0.00239669401421273
1.81666666666667,0.0023995254095533
1.82083333333333,0.00240235350876329
1.825,0.00240517831656312
1.82916666666667,0.00240799983766389
1.83333333333333,0.00241081807676734
1.8375,0.00241363303856594
1.84166666666667,0.00241644472774286
1.84583333333333,0.00241925314897202
1.85,0.00242205830691811
1.85416666666667,0.00242486020623659
1.85833333333333,0.00242765885157374
1.8625,0.00243045424756666
1.86666666666667,0.0024332463988433
1.87083333333333,0.00243603531002249
1.875,0.00243882098571397
1.87916666666667,0.00244160343057021
1.88333333333333,0.00244438264914302
1.8875,0.00244715864599657
1.89166666666667,0.00244993142571266
1.89583333333333,0.00245270099285353
1.9,0.00245546735197493
1.90416666666667,0.00245823050762341
1.90833333333333,0.00246099046433651
1.9125,0.00246374722664286
1.91666666666667,0.00246650079906221
1.92083333333333,0.00246925118610544
1.925,0.00247199839227458
1.92916666666667,0.00247474242206282
1.93333333333333,0.00247748327995456
1.9375,0.00248022097042536
1.94166666666667,0.00248295549794207
1.94583333333333,0.00248568686696272
1.95,0.00248841508193666
1.95416666666667,0.00249114014730449
1.95833333333333,0.00249386206749815
1.9625,0.00249658084694088
1.96666666666667,0.00249929649004726
1.97083333333333,0.00250200900122327
1.975,0.00250471838486625
1.97916666666667,0.00250742464536495
1.98333333333333,0.00251012778709955
1.9875,0.00251282781444167
1.99166666666667,0.00251552473175441
1.99583333333333,0.00251821854339233
2,0.00252090925370152
2.00416666666667,0.00252359686701958
2.00833333333333,0.00252628138767566
2.0125,0.00252896281999048
2.01666666666667,0.00253164116827634
2.02083333333333,0.00253431643683712
2.025,0.00253698862996835
2.02916666666667,0.00253965775195719
2.03333333333333,0.00254232380708249
2.0375,0.00254498679966221
2.04166666666667,0.00254764673392277
2.04583333333333,0.00255030361410052
2.05,0.00255295744444895
2.05416666666667,0.00255560822920338
2.05833333333333,0.00255825597259324
2.0625,0.00256090067883953
2.06666666666667,0.00256354235215497
2.07083333333333,0.00256618099674417
2.075,0.00256881661680358
2.07916666666667,0.00257144921652154
2.08333333333333,0.00257407880007826
2.0875,0.0025767053716459
2.09166666666667,0.00257932893538853
2.09583333333333,0.00258194949546215
2.1,0.00258456705601477
2.10416666666667,0.00258718162118635
2.10833333333333,0.00258979319510886
2.1125,0.00259240178190629
2.11666666666667,0.00259500738569468
2.12083333333333,0.00259761001058212
2.125,0.00260020966066876
2.12916666666667,0.00260280634004688
2.13333333333333,0.00260540005280083
2.1375,0.00260799080300711
2.14166666666667,0.00261057859473439
2.14583333333333,0.00261316343204345
2.15,0.0026157453189873
2.15416666666667,0.00261832425961114
2.15833333333333,0.00262090025795239
2.1625,0.0026234733180407
2.16666666666667,0.00262604344389798
2.17083333333333,0.00262861063953842
2.175,0.00263117490896848
2.17916666666667,0.00263373625618696
2.18333333333333,0.00263629468518497
2.1875,0.00263885019994597
2.19166666666667,0.00264140280444575
2.19583333333333,0.00264395250265257
2.2,0.00264649929857099
2.20416666666667,0.00264904319612045
2.20833333333333,0.00265158419923059
2.2125,0.00265412231184645
2.21666666666667,0.00265665753789645
2.22083333333333,0.00265918988130366
2.225,0.00266171934598341
2.22916666666667,0.00266424593584352
2.23333333333333,0.00266676965478434
2.2375,0.00266929050669879
2.24166666666667,0.00267180849547236
2.24583333333333,0.00267432362498314
2.25,0.00267683589910182
2.25416666666667,0.00267934532169172
2.25833333333333,0.00268185189660881
2.2625,0.0026843556277017
2.26666666666667,0.00268685651881168
2.27083333333333,0.00268935457377274
2.275,0.00269184979641155
2.27916666666667,0.00269434219054753
2.28333333333333,0.00269683175999283
2.2875,0.00269931850855234
2.29166666666667,0.00270180244002376
2.29583333333333,0.00270428355819753
2.3,0.00270676186685694
2.30416666666667,0.00270923736977807
2.30833333333333,0.00271171007072986
2.3125,0.00271417997347409
2.31666666666667,0.00271664708176542
2.32083333333333,0.00271911139935139
2.325,0.00272157292997244
2.32916666666667,0.00272403167736196
2.33333333333333,0.00272648764524622
2.3375,0.0027289408373445
2.34166666666667,0.00273139125736901
2.34583333333333,0.00273383890902497
2.35,0.00273628379601057
2.35416666666667,0.00273872592201665
2.35833333333333,0.0027411652907644
2.3625,0.0027436019058813
2.36666666666667,0.00274603577104997
2.37083333333333,0.00274846688995098
2.375,0.00275089526623906
2.37916666666667,0.00275332090352494
2.38333333333333,0.00275574380547613
2.3875,0.00275816397574461
2.39166666666667,0.00276058141795752
2.39583333333333,0.00276299613570073
2.4,0.0027654081326205
2.40416666666667,0.00276781741230657
2.40833333333333,0.00277022397839317
2.4125,0.00277262783444679
2.41666666666667,0.00277502898407633
2.42083333333333,0.00277742743084623
2.425,0.00277982317834714
2.42916666666667,0.00278221623013452
2.43333333333333,0.00278460658973759
2.4375,0.00278699426076483
2.44166666666667,0.00278937924675334
2.44583333333333,0.00279176155122107
2.45,0.00279414117770752
2.45416666666667,0.00279651812977513
2.45833333333333,0.00279889241089948
2.4625,0.00280126402467902
2.46666666666667,0.00280363297449742
2.47083333333333,0.00280599926392517
2.475,0.00280836289645319
2.47916666666667,0.00281072387557793
2.48333333333333,0.00281308220478144
2.4875,0.00281543788750763
2.49166666666667,0.00281779092728201
2.49583333333333,0.00282014132753034
2.5,0.00282248909170054
2.50416666666667,0.00282483422326256
2.50833333333333,0.00282717672567114
2.5125,0.00282951660233191
2.51666666666667,0.00283185385671328
2.52083333333333,0.00283418849220784
2.525,0.00283652051225512
2.52916666666667,0.00283884992025602
2.53333333333333,0.0028411767195852
2.5375,0.00284350091369552
2.54166666666667,0.00284582250595799
2.54583333333333,0.00284814149976481
2.55,0.00285045789848793
2.55416666666667,0.00285277170547125
2.55833333333333,0.00285508292412824
2.5625,0.00285739155779978
2.56666666666667,0.00285969760986091
2.57083333333333,0.00286200108364101
2.575,0.00286430198250152
2.57916666666667,0.00286660030976205
2.58333333333333,0.00286889606876911
2.5875,0.00287118926283326
2.59166666666667,0.00287347989528501
2.59583333333333,0.00287576796942663
2.6,0.00287805348853653
2.60416666666667,0.0028803364559677
2.60833333333333,0.00288261687499008
2.6125,0.0028848947489007
2.61666666666667,0.00288717008097011
2.62083333333333,0.00288944287444693
2.625,0.00289171313264632
2.62916666666667,0.00289398085880893
2.63333333333333,0.00289624605621458
2.6375,0.00289850872809342
2.64166666666667,0.00290076887771121
2.64583333333333,0.00290302650828968
2.65,0.00290528162307935
2.65416666666667,0.0029075342252935
2.65833333333333,0.00290978431816729
2.6625,0.00291203190490585
2.66666666666667,0.00291427698869381
2.67083333333333,0.00291651957278715
2.675,0.0029187596603604
2.67916666666667,0.00292099725461598
2.68333333333333,0.00292323235872989
2.6875,0.0029254649758563
2.69166666666667,0.00292769510921424
2.69583333333333,0.00292992276195194
2.7,0.00293214793725281
2.70416666666667,0.00293437063825572
2.70833333333333,0.0029365908681298
2.7125,0.0029388086300067
2.71666666666667,0.00294102392703985
2.72083333333333,0.00294323676235417
2.725,0.00294544713905288
2.72916666666667,0.00294765506030949
2.73333333333333,0.00294986052922046
2.7375,0.00295206354890514
2.74166666666667,0.00295426412246309
2.74583333333333,0.00295646225296586
2.75,0.00295865794355014
2.75416666666667,0.00296085119728925
2.75833333333333,0.0029630420172818
2.7625,0.00296523040659294
2.76666666666667,0.00296741636830621
2.77083333333333,0.0029695999054822
2.775,0.00297178102121812
2.77916666666667,0.00297395971886942
2.78333333333333,0.00297613600120311
2.7875,0.00297830987144025
2.79166666666667,0.00298048133237427
2.79583333333333,0.00298265038743091
2.8,0.00298481703937503
2.80416666666667,0.00298698129107496
2.80833333333333,0.00298914314528072
2.8125,0.00299130260466286
2.81666666666667,0.00299345967273534
2.82083333333333,0.00299561435275577
2.825,0.00299776664757704
2.82916666666667,0.00299991656026823
2.83333333333333,0.00300206409382037
2.8375,0.00300420925119075
2.84166666666667,0.00300635203554885
2.84583333333333,0.00300849244970452
2.85,0.00301063049671225
2.85416666666667,0.00301276617931928
2.85833333333333,0.00301489950042506
2.8625,0.00301703046267328
2.86666666666667,0.00301915906970804
2.87083333333333,0.00302128532434883
2.875,0.00302340922931552
2.87916666666667,0.00302553078767561
2.88333333333333,0.00302765000215719
2.8875,0.00302976687589423
2.89166666666667,0.00303188141156447
2.89583333333333,0.00303399361227003
2.9,0.00303610348077067
2.90416666666667,0.00303821102005674
2.90833333333333,0.00304031623298025
2.9125,0.00304241912241527
2.91666666666667,0.00304451969129759
2.92083333333333,0.00304661794240705
2.925,0.00304871387874615
2.92916666666667,0.00305080750301592
2.93333333333333,0.00305289881826733
2.9375,0.00305498782713919
2.94166666666667,0.00305707453271955
2.94583333333333,0.00305915893762885
2.95,0.00306124104469206
2.95416666666667,0.00306332085658639
2.95833333333333,0.00306539837680179
2.9625,0.00306747360769634
2.96666666666667,0.00306954655205326
2.97083333333333,0.0030716172126146
2.975,0.00307368559263805
2.97916666666667,0.00307575169468075
2.98333333333333,0.00307781552163265
2.9875,0.00307987707604763
2.99166666666667,0.00308193636056636
2.99583333333333,0.00308399337854779
3,0.0030860481326374
3.00416666666667,0.00308810062539891
3.00833333333333,0.0030901508597696
3.0125,0.00309219883830542
3.01666666666667,0.00309424456392045
3.02083333333333,0.0030962880392899
3.025,0.00309832926716589
3.02916666666667,0.00310036825037621
3.03333333333333,0.00310240499151112
3.0375,0.00310443949351261
3.04166666666667,0.0031064717589016
3.04583333333333,0.00310850179039688
3.05,0.00311052959052262
3.05416666666667,0.00311255516270953
3.05833333333333,0.00311457850922208
3.0625,0.00311659963266604
3.06666666666667,0.00311861853564953
3.07083333333333,0.00312063522144665
3.075,0.00312264969234473
3.07916666666667,0.00312466195116137
3.08333333333333,0.0031266720004532
3.0875,0.00312867984296986
3.09166666666667,0.00313068548137651
3.09583333333333,0.00313268891829507
3.1,0.00313469015651653
3.10416666666667,0.00313668919855418
3.10833333333333,0.00313868604714848
3.1125,0.00314068070498481
3.11666666666667,0.00314267317468369
3.12083333333333,0.00314466345881654
3.125,0.00314665156013105
3.12916666666667,0.00314863748110138
3.13333333333333,0.00315062122455208
3.1375,0.00315260279290634
3.14166666666667,0.00315458218892169
3.14583333333333,0.00315655941514404
3.15,0.00315853447419475
3.15416666666667,0.0031605073687287
3.15833333333333,0.00316247810124433
3.1625,0.00316444667448658
3.16666666666667,0.00316641309085968
3.17083333333333,0.00316837735317112
3.175,0.00317033946380388
3.17916666666667,0.00317229942530982
3.18333333333333,0.00317425724009248
3.1875,0.00317621291139529
3.19166666666667,0.00317816644158197
3.19583333333333,0.0031801178330475
3.2,0.00318206708829191
3.20416666666667,0.00318401420984612
3.20833333333333,0.0031859592000511
3.2125,0.00318790206138264
3.21666666666667,0.00318984279659728
3.22083333333333,0.00319178140836956
3.225,0.00319371789925522
3.22916666666667,0.00319565227174667
3.23333333333333,0.00319758452834801
3.2375,0.00319951467156652
3.24166666666667,0.00320144270391359
3.24583333333333,0.00320336862790869
3.25,0.00320529244604977
3.25416666666667,0.00320721416087776
3.25833333333333,0.00320913377511513
3.2625,0.0032110512910911
3.26666666666667,0.00321296671116573
3.27083333333333,0.00321488003737554
3.275,0.003216791272682
3.27916666666667,0.00321870041955904
3.28333333333333,0.00322060748048334
3.2875,0.00322251245788811
3.29166666666667,0.0032244153542941
3.29583333333333,0.00322631617210231
3.3,0.00322821491375731
3.30416666666667,0.00323011158170705
3.30833333333333,0.003232006178396
3.3125,0.00323389870626439
3.31666666666667,0.00323578916774983
3.32083333333333,0.00323767756527865
3.325,0.00323956390130333
3.32916666666667,0.00324144817825666
3.33333333333333,0.00324333039853461
3.3375,0.00324521056455111
3.34166666666667,0.00324708867871824
3.34583333333333,0.00324896474346254
3.35,0.00325083876114346
3.35416666666667,0.00325271073417621
3.35833333333333,0.00325458066496052
3.3625,0.0032564485558878
3.36666666666667,0.00325831440934767
3.37083333333333,0.00326017822772308
3.375,0.00326204001341483
3.37916666666667,0.00326389976864613
3.38333333333333,0.00326575749583789
3.3875,0.00326761319769101
3.39166666666667,0.00326946687631841
3.39583333333333,0.00327131853425195
3.4,0.0032731681736449
3.40416666666667,0.00327501579725178
3.40833333333333,0.00327686140712372
3.4125,0.00327870500553673
3.41666666666667,0.00328054659528248
3.42083333333333,0.00328238617848018
3.425,0.00328422375565675
3.42916666666667,0.00328605933066487
3.43333333333333,0.00328789290589475
3.4375,0.00328972448363678
3.44166666666667,0.00329155406619186
3.44583333333333,0.00329338165587021
3.45,0.0032952072549794
3.45416666666667,0.00329703086582327
3.45833333333333,0.00329885249070181
3.4625,0.00330067213191118
3.46666666666667,0.00330248979174456
3.47083333333333,0.0033043054724854
3.475,0.00330611917643267
3.47916666666667,0.00330793090588068
3.48333333333333,0.00330974066312412
3.4875,0.00331154845036695
3.49166666666667,0.00331335426989574
3.49583333333333,0.00331515812398439
3.5,0.00331696001491836
3.50416666666667,0.00331875994482136
3.50833333333333,0.00332055791598488
3.5125,0.00332235393093313
3.51666666666667,0.00332414799191216
3.52083333333333,0.00332594010095823
3.525,0.00332773026024234
3.52916666666667,0.00332951847204022
3.53333333333333,0.00333130473833383
3.5375,0.00333308906167342
3.54166666666667,0.00333487144429442
3.54583333333333,0.00333665188837616
3.55,0.0033384303961157
3.55416666666667,0.0033402069697716
3.55833333333333,0.00334198161155233
3.5625,0.00334375432363982
3.56666666666667,0.00334552510824789
3.57083333333333,0.00334729396758358
3.575,0.00334906090381568
3.57916666666667,0.00335082591913202
3.58333333333333,0.00335258901572483
3.5875,0.00335435019578016
3.59166666666667,0.0033561094614803
3.59583333333333,0.00335786681501183
3.6,0.00335962225843529
3.60416666666667,0.00336137579396671
3.60833333333333,0.00336312742404115
3.6125,0.0033648771507862
3.61666666666667,0.00336662497617584
3.62083333333333,0.00336837090230539
3.625,0.00337011493136035
3.62916666666667,0.00337185706523266
3.63333333333333,0.00337359730640209
3.6375,0.00337533565698401
3.64166666666667,0.00337707211914601
3.64583333333333,0.00337880669501145
3.65,0.00338053938669239
3.65416666666667,0.0033822701963097
3.65833333333333,0.00338399912588123
3.6625,0.00338572617757174
3.66666666666667,0.00338745135375679
3.67083333333333,0.00338917465653349
3.675,0.00339089608782739
3.67916666666667,0.00339261564968903
3.68333333333333,0.00339433334422227
3.6875,0.00339604917327859
3.69166666666667,0.00339776313928759
3.69583333333333,0.00339947524435791
3.7,0.00340118549057594
3.70416666666667,0.00340289388000444
3.70833333333333,0.00340460041472629
3.7125,0.00340630509685836
3.71666666666667,0.00340800792837877
3.72083333333333,0.00340970891138618
3.725,0.00341140804801508
3.72916666666667,0.00341310534024222
3.73333333333333,0.00341480079015411
3.7375,0.00341649439987361
3.74166666666667,0.00341818617129955
3.74583333333333,0.00341987610644947
3.75,0.00342156420776174
3.75416666666667,0.00342325047724331
3.75833333333333,0.00342493491675762
3.7625,0.00342661752829697
3.76666666666667,0.00342829831387708
3.77083333333333,0.00342997727638973
3.775,0.00343165441695077
3.77916666666667,0.00343332973667631
3.78333333333333,0.00343500324104114
3.7875,0.00343667492769813
3.79166666666667,0.00343834480006595
3.79583333333333,0.00344001286028121
3.8,0.00344167911071053
3.80416666666667,0.00344334355341397
3.80833333333333,0.00344500619048808
3.8125,0.00344666702387353
3.81666666666667,0.00344832605560007
3.82083333333333,0.00344998328758608
3.825,0.00345163872185729
3.82916666666667,0.00345329236039368
3.83333333333333,0.00345494420516002
3.8375,0.00345659425814513
3.84166666666667,0.00345824252130688
3.84583333333333,0.00345988899661869
3.85,0.00346153368605434
3.85416666666667,0.00346317659157689
3.85833333333333,0.00346481771515377
3.8625,0.00346645705874657
3.86666666666667,0.00346809462431524
3.87083333333333,0.0034697304138163
3.875,0.00347136442920112
3.87916666666667,0.00347299667242317
3.88333333333333,0.00347462714544189
3.8875,0.00347625585021251
3.89166666666667,0.00347788278863399
3.89583333333333,0.0034795079625984
3.9,0.00348113137422733
3.90416666666667,0.00348275302547941
3.90833333333333,0.00348437291813307
3.9125,0.00348599105411812
3.91666666666667,0.00348760743536716
3.92083333333333,0.00348922206374952
3.925,0.00349083494128597
3.92916666666667,0.00349244606972925
3.93333333333333,0.00349405545089103
3.9375,0.0034956630871664
3.94166666666667,0.00349726898030604
3.94583333333333,0.00349887313210045
3.95,0.003500475545231
3.95416666666667,0.00350207622063107
3.95833333333333,0.00350367515940158
3.9625,0.00350527236653774
3.96666666666667,0.00350686784001109
3.97083333333333,0.00350846158296536
3.975,0.00351005359739446
3.97916666666667,0.00351164388545925
3.98333333333333,0.00351323244918986
3.9875,0.00351481929042796
3.99166666666667,0.00351640441111027
3.99583333333333,0.00351798781303625
4,0.00351956949804857
